baseid	url	file_name	acl	state	version	storageclass	deletereason	release	project_id	type	id	md5	size
df1b6613-131d-487a-a6b6-e9323b7b6aae	s3://s3-external-1.amazonaws.com/gdcbackup/4a4f2421-ded2-41b9-a3e9-3b5e62fdc151	TCGA-A3-3346-01Z-00-DX1.95280216-fd71-4a03-b452-6e3d667f2542.svs	[u'open']	released	1	GLACIER		12.0	TCGA-KIRC	active	40ff27fa-eea5-45e3-a933-1679401b73b5	82edd17b3e8fcef713c16c3db295d1a5	91319939
24505cf9-973c-41a8-bce8-cb19165cfb65	s3://s3-external-1.amazonaws.com/gdcbackup/e370a472-adae-48c0-bef9-83ec9cec91f2	TCGA-A4-8311-01Z-00-DX1.FB9D31D4-051B-48E6-BCDB-918EF8B88895.svs	[u'open']	released	1	GLACIER		12.0	TCGA-KIRP	active	9b5673d9-11cb-4ca7-bd73-41f4b255ffe9	b8608054dcae31c42cd307931f215a06	91568080
8e268cb7-9db4-4d81-8521-f2ca985d606a	s3://s3-external-1.amazonaws.com/gdcbackup/da6558f7-cd93-4d84-b7f0-fa08479b9e90	TCGA-06-0157-01Z-00-DX1.0bb9c6aa-3a9c-4d2b-9ce6-9a1cf54882a4.svs	[u'open']	released	1	GLACIER		12.0	TCGA-GBM	active	9d364c0f-3cb0-4cf8-bfdf-89ad0f879fea	e2f3bb77e41312c714458a0d743271c7	91663581
50d62e5b-85c2-4ee2-a7e5-eda5801cc0e8	s3://s3-external-1.amazonaws.com/gdcbackup/b857a19c-0085-4577-a08f-1b6bd6aa45bf	TCGA-EE-A3J5-06Z-00-DX1.47202780-2B18-4661-AD4E-2AF8D1A7C9E5.svs	[u'open']	released	1	GLACIER		12.0	TCGA-SKCM	active	6cb6a6e2-ab55-49ff-a86e-de7681139d25	d79db5ab23752a0755fd941904d8ccda	92122758
585cfda0-6601-4788-8156-4e5027ec8ba2	s3://s3-external-1.amazonaws.com/gdcbackup/0493ba1a-abd1-4c58-a573-a5ff71f77c15	TCGA-99-8033-01Z-00-DX1.06f8ca81-c0a7-4ab5-b2fe-d5fc6671e29d.svs	[u'open']	released	1	GLACIER		12.0	TCGA-LUAD	active	e2822518-770e-4c38-a05c-7005f3fe5cba	de22c2193bb97780c390c78b6800f7f8	92176941
ddadf4c7-dc68-4543-a26b-7221127bdfda	s3://s3-external-1.amazonaws.com/gdcbackup/1f147fee-2818-4d76-aff7-2e1e0c79b5ea	TCGA-X7-A8DE-01Z-00-DX1.088D1AFE-74F8-4251-A037-43AB99A358D3.svs	[u'open']	released	1	GLACIER		12.0	TCGA-THYM	active	e69ec4f3-cc87-4b56-93fa-a2d526efd8e6	69b0dded777c44296ca54ae9b88f3c76	92241287
4b9ac16a-26b2-4e26-97fd-a02a894d6822	s3://s3-external-1.amazonaws.com/gdcbackup/4830fc4b-2f76-4b6d-8afc-bf2f065df9f1	TCGA-A6-6648-01Z-00-DX1.88b9a490-0bed-43f3-bd74-1bf2810f6884.svs	[u'open']	released	1	GLACIER		12.0	TCGA-COAD	active	6139845a-9690-4872-b0df-f06242a61215	1167c1ab100fae6a1fd34d947af2925f	92767481
2e2dabb4-e475-4b69-89bd-e6fd0a020c05	s3://s3-external-1.amazonaws.com/gdcbackup/8bfad2ba-6a2a-467c-a2fc-f9be6cdf32fc	TCGA-S9-A6TU-01Z-00-DX1.58000391-215E-4740-AD40-1489B348922B.svs	[u'open']	released	1	GLACIER		12.0	TCGA-LGG	active	c8d42189-bde0-4068-8156-3983abf60ed2	490fbbe40166d8c0abdeb380efa8c4c0	92820227
2f080eb3-2761-4e11-bb3b-f8694d946025	s3://s3-external-1.amazonaws.com/gdcbackup/adc51e7a-dfff-4794-9c7c-d98220f34c88	TCGA-B3-3925-01Z-00-DX1.cb28f651-66c0-4746-a5df-b382d9d267c2.svs	[u'open']	released	1	GLACIER		12.0	TCGA-KIRP	active	0035a0fb-e955-4c44-8f1a-729eb3863370	6715e95751931a1bf17f40e4e1e06171	92969863
7c0a9743-2ca2-4418-8bd0-ff5b0da82596	s3://s3-external-1.amazonaws.com/gdcbackup/309a1711-867b-4091-86d7-48dba548c43c	TCGA-R6-A6XG-01Z-00-DX1.88BC85D3-7EF7-4D0A-88DC-1A837084D715.svs	[u'open']	released	1	GLACIER		12.0	TCGA-ESCA	active	cc52896c-1f10-448e-9dba-0d86b22991a6	1ceb3586f36b588d22e0c1d707676dd7	93061513
1ca44daa-bb9f-4966-9b4e-f10ecb93205f	s3://s3-external-1.amazonaws.com/gdcbackup/62bb7727-8e06-4c6c-83f9-5e7fbebc7d7a	TCGA-VS-A9UJ-01Z-00-DX1.6B3D2EB0-9B0B-4B38-ADFB-AB88E69273D6.svs	[u'open']	released	1	GLACIER		12.0	TCGA-CESC	active	48e51749-fbd0-48da-b521-3b31b794af87	bea678b9243bbf250336d384456952bc	93063575
ab4e936e-b7e8-4999-9acf-8ee6873d60ae	s3://s3-external-1.amazonaws.com/gdcbackup/bfadd71c-3ae6-400c-a317-99e5fef862b7	TCGA-12-0828-01Z-00-DX3.53D916FA-0855-43B5-BE16-EB5029DF2864.svs	[u'open']	released	1	GLACIER		12.0	TCGA-GBM	active	132f87b1-13ac-4d26-8f88-ebd42d6882be	3df07b17a803fd186b50134becfb3e13	93122128
f6e2318b-31b7-4495-8fd9-24983f2153f4	s3://s3-external-1.amazonaws.com/gdcbackup/c5864c6b-d71d-42ca-a1aa-be222dfa4295	TCGA-14-1459-01Z-00-DX2.ca23cd3e-6503-463c-a79f-c132f64bf08d.svs	[u'open']	released	1	GLACIER		12.0	TCGA-GBM	active	0afdb861-45df-47fa-bf85-ee1d18858331	2466388f79506ad7be4245f8582395d2	93185901
6cb2715a-5ae8-4640-97da-649259a3c3bd	s3://s3-external-1.amazonaws.com/gdcbackup/491e2b1e-8794-41f0-a410-92c50df3922c	TCGA-A6-6652-01Z-00-DX1.30916007-088e-48bd-abf8-519f34e2c37a.svs	[u'open']	released	1	GLACIER		12.0	TCGA-COAD	active	69c1137f-5645-4ffc-9108-7722f23803d7	3acf44c290dfda7a22009a0537298dac	93316571
29faeb47-5f7f-4dff-8ebd-feae9f37dfb4	s3://s3-external-1.amazonaws.com/gdcbackup/44c334a4-2279-4904-9656-96bd5ef2a03c	TCGA-57-1994-01Z-00-DX1.A0798185-30C5-4C32-B1A8-B440D4F4ED95.svs	[u'open']	released	1	GLACIER		12.0	TCGA-OV	active	10ba2a6b-c8a7-4857-9e1b-06cee2eac8f2	cedd220ef9e4f9ab5a73fe5ff3afff68	93340338
d45aa0f2-17eb-4d23-8482-ceb9a2ae6cb5	s3://s3-external-1.amazonaws.com/gdcbackup/12927e2d-f1a9-459c-92ff-1f8c7bac4465	TCGA-21-1075-01Z-00-DX1.937872ae-4d6f-4d7a-b54f-b7e797cb84b0.svs	[u'open']	released	1	GLACIER		12.0	TCGA-LUSC	active	878f0c77-63b9-4e70-a55e-c400c1148868	445f8bec21fbe12d6e45a09114b305a0	93883109
3c525832-24d6-4683-be32-ada8186784f3	s3://s3-external-1.amazonaws.com/gdcbackup/8dfcd43f-1dac-4147-9151-b18405bd5cc1	TCGA-06-0145-01Z-00-DX2.9713b8c7-4664-40e9-82a1-da0a82d544c2.svs	[u'open']	released	1	GLACIER		12.0	TCGA-GBM	active	8ce08e22-f47f-4ac2-ae3b-ca620958f9ec	d4e4d08abcf54ba46cb63d9b7b515ded	94139825
d9c821a5-2030-4ff2-853a-cf34f60738d9	s3://s3-external-1.amazonaws.com/gdcbackup/c44ac883-7a08-492c-b407-11b26a047b21	TCGA-CH-5745-01Z-00-DX1.49835389-232e-4c7f-8550-1501b402d698.svs	[u'open']	released	1	GLACIER		12.0	TCGA-PRAD	active	0188cee6-0cfc-47d9-9b20-908aa67b28fe	33816fa8b9b000b27ed2234342683e4a	94330871
141a5141-7bb5-463a-b5f9-84824da969e6	s3://s3-external-1.amazonaws.com/gdcbackup/b86556ed-61f8-4e9b-b1a1-09f20d7869ab	TCGA-AC-A3W5-01Z-00-DX1.522F702C-776E-45F1-84D3-1648DF04137C.svs	[u'open']	released	1	GLACIER		12.0	TCGA-BRCA	active	5c376b53-8570-4c16-83df-666556dd36cd	dca7acf04b85901c0988c556d833173a	94365042
8f1036d4-7631-432c-8ef3-7eb1d099aaa6	s3://s3-external-1.amazonaws.com/gdcbackup/5c26aeaf-ae56-4bf0-868a-43e7c258d3d6	TCGA-A6-5662-01Z-00-DX1.82569684-1c31-4346-af9b-c296a020f624.svs	[u'open']	released	1	GLACIER		12.0	TCGA-COAD	active	0aa4157e-39b0-4a6c-933d-1225235c3fc9	bf19906277f8bc8fd114ecc7d3bbb0ea	94426693
c1301840-2fbf-4a62-b87b-4f4f3b3ecc56	s3://s3-external-1.amazonaws.com/gdcbackup/3997bcb9-7df0-4bb2-b449-27fe366ff074	TCGA-BI-A0VS-01Z-00-DX1.C1E1F2D2-4F9F-42A2-914F-75ED20A1DB61.svs	[u'open']	released	1	GLACIER		12.0	TCGA-CESC	active	4227998b-3de7-447d-9813-66b3e9dceea5	563217481a71b7314192c15a7634292e	94528371
d7ddff17-5c62-405a-9e01-855056169695	s3://s3-external-1.amazonaws.com/gdcbackup/8301a535-cdc8-4c30-9504-13bb4c6f0ef0	TCGA-FP-7998-01Z-00-DX1.9f24585a-d609-4094-8170-b0f483606a18.svs	[u'open']	released	1	GLACIER		12.0	TCGA-STAD	active	c3255542-5a94-464e-8a2f-0982803b6bb3	d90a76664342b577ae6617768c191e58	94721205
a1362666-bf68-4881-a782-f20975e04d96	s3://s3-external-1.amazonaws.com/gdcbackup/2ff4f2c8-67bd-468c-9298-633ba2610563	TCGA-CH-5737-01Z-00-DX1.beeda9ae-cb8c-4534-8438-081302b482cf.svs	[u'open']	released	1	GLACIER		12.0	TCGA-PRAD	active	7e04981c-1fc5-4e5d-a7fd-70d7d7c53ad7	75503858cc7c07bac2b76a6c9aacfe3f	94857535
8233bf0e-6bf1-489a-968c-36e856cc8f4f	s3://s3-external-1.amazonaws.com/gdcbackup/7c99f6c2-a124-4af2-ae82-c6b5be25c4e9	TCGA-DU-8163-01Z-00-DX1.0f6383ea-6dd4-4424-b7b1-ec19d17d8d1a.svs	[u'open']	released	1	GLACIER		12.0	TCGA-LGG	active	fd2e60f1-433e-4a65-a848-7b4e39af04f1	11fca7241d53b5555cba159b8db8a536	94859651
e112ff45-13d7-4818-9134-9682b5f5d7d7	s3://s3-external-1.amazonaws.com/gdcbackup/d219e806-4d47-4b7b-b0b0-d2798118a934	TCGA-63-A5MJ-01Z-00-DX1.4F060025-3A21-4FEB-8A63-F55A95BFBA30.svs	[u'open']	released	1	GLACIER		12.0	TCGA-LUSC	active	17600ed5-8c94-4a71-b027-b0fc86715c1f	6cfb7f145dba45540e2b39ab0974cd9b	95271782
5d65b4b5-73cc-40aa-8fb5-d9c6124a9def	s3://s3-external-1.amazonaws.com/gdcbackup/6e2431d0-fc2b-4ab2-b5a9-422de627529c	TCGA-AD-6548-01Z-00-DX1.4e047481-8926-48e6-9eba-46597c4cc396.svs	[u'open']	released	1	GLACIER		12.0	TCGA-COAD	active	8b605b0f-3c0c-4c10-8341-40a0da51abeb	8d742d9eab94ab7076bd7623d588aafc	95284133
ea1dc935-294d-48b8-9d94-cfcb693b3105	s3://s3-external-1.amazonaws.com/gdcbackup/44b4c3e0-5fc2-4629-8e97-384f0da950a5	TCGA-DU-A76O-01Z-00-DX1.79424261-499C-4D61-9C74-3A35E1557501.svs	[u'open']	released	1	GLACIER		12.0	TCGA-LGG	active	7729fff7-a3ce-4ce0-b7be-8dab831c960a	ea0a67682dc240778cef9c1ec6fec3ef	95409099
f8e7af3a-df2e-490f-a121-7770deb98e9e	s3://s3-external-1.amazonaws.com/gdcbackup/994a8ee2-5cd0-42e5-941a-db0f6d87fa36	TCGA-MB-A5YA-01Z-00-DX1.96B9BF18-C17A-4E75-BAA8-C13F9F63CE0B.svs	[u'open']	released	1	GLACIER		12.0	TCGA-SARC	active	cfe8e46d-d6e3-42de-b300-2711ac9a7406	bf1f69ccca49ebeb474f9ef7e76e6fb7	95507354
fbef43d3-b38a-42c5-8550-616a63a4c64d	s3://s3-external-1.amazonaws.com/gdcbackup/87e7ee96-b015-4462-8d10-a2010879a255	TCGA-06-0749-01Z-00-DX1.5831460f-c2ad-46cf-8dd4-d99dbfd0760c.svs	[u'open']	released	1	GLACIER		12.0	TCGA-GBM	active	8cfd1ad5-852b-458e-a05a-de2c24ea5b15	3bb39b06b3fdbc6a02c86fcbb1e1b0d4	95879375
eb5b91cd-0489-49b0-9305-a00c82d12520	s3://s3-external-1.amazonaws.com/gdcbackup/ca0fa18a-2bfe-46ad-ac8f-f9995d364c04	TCGA-EM-A3AQ-01Z-00-DX1.3B5348E7-FD6B-49A9-B211-E3934E0BDC92.svs	[u'open']	released	1	GLACIER		12.0	TCGA-THCA	active	a21f6e4f-bbed-40f6-bb56-d0bd455eff29	bf61d033999b24807e169a504de8fa57	95884708
5a845bf9-7172-4dc0-9794-f77015d7a45d	s3://s3-external-1.amazonaws.com/gdcbackup/52a6331c-7739-4f01-af77-81a12948c304	TCGA-VQ-AA6K-01Z-00-DX1.8AF14797-0C31-4DF3-94A4-868EC96E7BB1.svs	[u'open']	released	1	GLACIER		12.0	TCGA-STAD	active	c09810f3-d4d9-4e2f-a87f-1604d848edfc	01a41cdedd07f4516211f09b15bff53b	96007213
56a5535e-4158-4573-b671-9b6f37ec5c96	s3://s3-external-1.amazonaws.com/gdcbackup/bf6cef6d-d48b-43ae-9d89-bcf165452cfb	TCGA-12-1092-01Z-00-DX2.AEDBBC67-DA91-4872-90D7-8304C8A25D91.svs	[u'open']	released	1	GLACIER		12.0	TCGA-GBM	active	5057ffd9-f33f-470d-a832-47188b811961	cf2b01e7d01f6c88ff54d8bd962c61cc	96122284
a5a14329-9713-4959-81a1-22f8fd56a873	s3://s3-external-1.amazonaws.com/gdcbackup/d8adf80a-957e-4cf6-945b-dff80bfddd2d	TCGA-DU-5847-01Z-00-DX1.b7d7de58-38b6-4686-8588-a2542c8595b4.svs	[u'open']	released	1	GLACIER		12.0	TCGA-LGG	active	faa7997c-1979-46ab-9450-92dc62870a24	d820ec86d6d3f2f6fae91f967107db78	96278279
a6b8dbfb-68db-459b-a256-77b4e049de3d	s3://s3-external-1.amazonaws.com/gdcbackup/ee54808f-7218-405f-9882-04ab2338d17c	TCGA-DU-7010-01Z-00-DX1.542F36CC-9685-4780-94EB-B664CECFF09D.svs	[u'open']	released	1	GLACIER		12.0	TCGA-LGG	active	9e2a7cce-5e56-4743-8aea-d4702495238f	c12af13735c0d959d24eb3100cf78c90	96684906
efb89e29-3ec4-4146-bb0b-c5f3d29efd25	s3://s3-external-1.amazonaws.com/gdcbackup/9e3c7819-fce6-4ad5-84f7-89347e625435	TCGA-VS-AA62-01Z-00-DX1.8DC8A4E5-7999-4CAC-ABBA-CDD2B7CA409F.svs	[u'open']	released	1	GLACIER		12.0	TCGA-CESC	active	a709c93d-3f80-49a9-b3ef-b228fdce221b	ccef0bdabca5a982dd946709d259dd97	96739033
39fe6eab-91cf-486c-a8d3-998a5d21e7d4	s3://s3-external-1.amazonaws.com/gdcbackup/f06df06d-3f5a-441e-b7da-57990cc6f52a	TCGA-A6-5659-01Z-00-DX1.c671806f-013e-4d99-9841-cda5bd43eff1.svs	[u'open']	released	1	GLACIER		12.0	TCGA-COAD	active	4a5c4081-fea4-4ff3-925b-c2de6dfc14df	ddf88fe69cc34299751c4199a0ca381d	97034187
b3b5785b-ad9f-4ef9-877b-656c3c552ccb	s3://s3-external-1.amazonaws.com/gdcbackup/64ed1f94-1623-4f1c-9e4e-cd8360405ef7	TCGA-06-0187-01Z-00-DX2.87f7b94d-c9d3-4ed3-9bb3-2e37d810e2ea.svs	[u'open']	released	1	GLACIER		12.0	TCGA-GBM	active	3f678bd9-cb92-4ae5-bd3f-1501e9817c9d	09d058f437d9578080da48592e19b181	97097609
8a555dbf-39a4-4c36-b1a2-60d6bf0ed9b1	s3://s3-external-1.amazonaws.com/gdcbackup/3e249583-407e-4121-907a-dfef51f4c8ee	TCGA-12-0692-01Z-00-DX5.15cf8c37-6ecd-4926-8e2d-473be7b1a16c.svs	[u'open']	released	1	GLACIER		12.0	TCGA-GBM	active	824aa917-c16c-4c6d-9cdc-c4807053ef57	062e2a2aa7aabbe62854a64422d71497	97131715
28cdd73c-3001-4e89-84f4-a74f292fe4e6	s3://s3-external-1.amazonaws.com/gdcbackup/bca3507a-8e39-4cf7-80a3-609ede202d49	TCGA-DU-7008-01Z-00-DX1.C4A4B091-9F79-4B12-AACE-521CF12DFF1C.svs	[u'open']	released	1	GLACIER		12.0	TCGA-LGG	active	48a0c10b-8f11-4ff3-a443-ea435bea0b4a	45c344c98d0dc553fb408e9a9dddb8df	97209838
44aa749e-7900-4fb2-b3fa-f705a8870193	s3://s3-external-1.amazonaws.com/gdcbackup/e0c63075-00e5-4559-80eb-7a39c24aed8d	TCGA-VS-A9UP-01Z-00-DX1.D5A56C98-7E32-47B5-B918-98A5D730C276.svs	[u'open']	released	1	GLACIER		12.0	TCGA-CESC	active	02064e2b-0e9f-4b98-b7c7-9815ab0469f0	373d6b06eef115bc7831b2d64749a4a9	97406449
b96b6eff-2837-4207-9f47-259511e6f846	s3://s3-external-1.amazonaws.com/gdcbackup/83af6b97-4459-4710-bf36-505c966dfa8e	TCGA-06-0129-01Z-00-DX3.bae772ea-dd36-47ec-8185-761989be3cc8.svs	[u'open']	released	1	GLACIER		12.0	TCGA-GBM	active	a03f0948-a689-4da6-a765-c50c89033704	b49c9f2a0cd42c705dba2ed965cad8f1	97509357
ea7a1c5b-c51b-4b4c-9ba1-bd0fa5f2fb8d	s3://s3-external-1.amazonaws.com/gdcbackup/6501dd43-171c-4e6d-a589-1cece01040de	TCGA-14-1823-01Z-00-DX4.2c0b643d-e181-40f7-a6b2-cab517151f85.svs	[u'open']	released	1	GLACIER		12.0	TCGA-GBM	active	83f56305-dcee-4f89-9c0a-b3235d1658fb	e08657f7927b196e250567a9e9fae42a	97510891
5b8a5ed9-b1dd-4ff4-8d87-a7de925e218a	s3://s3-external-1.amazonaws.com/gdcbackup/be784dff-4461-4471-bc0d-103eb99dc5b1	TCGA-86-8671-01Z-00-DX1.1fd0019c-df9d-48cc-9055-8de57759f273.svs	[u'open']	released	1	GLACIER		12.0	TCGA-LUAD	active	2147a68a-e4d4-420e-ba24-697e90253047	2b4112ffd968560c78489029ed91eb72	97667627
85e2030c-4425-4bb8-84b8-32e4d844659a	s3://s3-external-1.amazonaws.com/gdcbackup/878cba8f-7078-4133-b588-936ef26e29f9	TCGA-06-0143-01Z-00-DX3.e9011249-11f6-454b-98f1-7f2bcfea228c.svs	[u'open']	released	1	GLACIER		12.0	TCGA-GBM	active	a5569afb-0468-4b15-854f-d34a31344cc1	d46b53aa103783340af61050064a1777	97693509
1758a272-90ad-459a-8bac-a467e3c93464	s3://s3-external-1.amazonaws.com/gdcbackup/23fdde5d-f06f-45d0-9552-232c5e076e63	TCGA-12-0821-01Z-00-DX2.E0F30115-B141-451C-84F1-64839ED91D24.svs	[u'open']	released	1	GLACIER		12.0	TCGA-GBM	active	3b464efc-8087-4b71-8015-73a0d466ca6f	14789cf5b56ef28ca5be9051903b8826	97715808
24fd16ec-f066-4116-983e-b04c958c76ec	s3://s3-external-1.amazonaws.com/gdcbackup/625c5744-8345-4ffa-b045-6da16e32a43a	TCGA-D5-7000-01Z-00-DX1.fb08c430-2c8c-486b-a39d-7d28c5eae189.svs	[u'open']	released	1	GLACIER		12.0	TCGA-COAD	active	c0ab9f1a-d7ee-4e8b-8134-71063678f23c	5aa7644843b9bc14ee099337a984ffe7	97777595
8932e1ad-ba3d-43e7-8f8f-da6844813b28	s3://s3-external-1.amazonaws.com/gdcbackup/d156567f-9fde-488e-9d5e-fcd4abe38ac7	TCGA-SX-A7SU-01Z-00-DX1.3EB1265B-F8CF-4703-88DB-7DC4E1D7E9C8.svs	[u'open']	released	1	GLACIER		12.0	TCGA-KIRP	active	1799aaf5-477d-473f-b77f-60d941ac9f6f	5d8c9d2a69b8c917cd5a683aa2b6c7ef	97884775
90159a43-8463-4241-b2c4-fd6d69a3034f	s3://s3-external-1.amazonaws.com/gdcbackup/c5b8931f-b45a-4b57-adc9-27b4cef528e6	TCGA-HC-7075-01Z-00-DX1.38ecaf2d-62ed-4d1c-8e88-0e757cffe77c.svs	[u'open']	released	1	GLACIER		12.0	TCGA-PRAD	active	810a1946-d96d-4c0f-8f12-a5a8eafff663	7ce43cf042f7971a82795f4e7f3db4c4	97927565
9b4ba2c6-2f51-42c6-a652-61963c5eb198	s3://s3-external-1.amazonaws.com/gdcbackup/2cbb34c7-e70d-4bf1-b6d7-b1ecf6689e89	TCGA-JX-A5QV-01Z-00-DX1.90769414-2C5C-4BAA-A432-9FC0A15EEF5A.svs	[u'open']	released	1	GLACIER		12.0	TCGA-CESC	active	47959a9b-63da-4481-8b81-05dda1e8f915	25c24dedbd2034cb65863cc63deaeaaa	97984944
c08ba7a8-c1e1-4d98-82f9-8b97952e4802	s3://s3-external-1.amazonaws.com/gdcbackup/868b41c3-c27b-4b44-86d5-37b50fcd6337	TCGA-HC-7819-01Z-00-DX1.9208cfe7-825f-4535-959c-ca470b61b562.svs	[u'open']	released	1	GLACIER		12.0	TCGA-PRAD	active	84e4c40c-51cb-4c75-9648-ec07d5bca990	944bde55c6d0a5c91b0c9f341007e6eb	98088977
af93db5e-cbfe-44c6-84b1-3e457e7fa754	s3://s3-external-1.amazonaws.com/gdcbackup/8da40916-9568-493f-8596-efe23ef771e2	TCGA-06-1087-01Z-00-DX1.2498ed55-5e6d-4e65-9a5d-f9be74c5f250.svs	[u'open']	released	1	GLACIER		12.0	TCGA-GBM	active	74207133-d6d5-47c3-924a-c0b252d2c6d0	872faba418101fab92bb0e15b1cd10d6	98172777
b80480d0-adc8-46d5-b34e-38ecac75e797	s3://s3-external-1.amazonaws.com/gdcbackup/f52a6b96-7993-46e6-a075-78db5a172f58	TCGA-DU-6399-01Z-00-DX1.1a964643-a0f0-4338-8976-3bf5f832236c.svs	[u'open']	released	1	GLACIER		12.0	TCGA-LGG	active	d5ce9951-d2e6-4e10-bed7-9f70a0125bc9	4a757692826db77a863ba0a42f706e9a	98191121
0ce768df-375a-40d2-9d45-7a8aff9096d4	s3://s3-external-1.amazonaws.com/gdcbackup/43e8f38a-ea22-4837-9c68-4ba8d5af58ef	TCGA-EM-A3AP-01Z-00-DX1.1CB5C0D0-FBDA-4B42-928B-937D096235E7.svs	[u'open']	released	1	GLACIER		12.0	TCGA-THCA	active	f2401217-1ce6-4501-8f19-5c82ae3a71ef	14ca29fe4034367b521e5952033cbf6c	98191430
c9923ec8-8ea8-4096-9226-8b7f861e609b	s3://s3-external-1.amazonaws.com/gdcbackup/44ce9ed2-eaf5-493e-ad8a-d2154f5bb317	TCGA-44-8119-01Z-00-DX1.1EBEBFA7-22DB-4365-9DF8-C4E679C11312.svs	[u'open']	released	1	GLACIER		12.0	TCGA-LUAD	active	c45ba948-1b28-4542-86a9-3984ecae2db5	ebcee7d9dd042ec019c15b9408a07218	98474973
1690a3ee-1d9b-40b1-86ba-9262ed21bcad	s3://s3-external-1.amazonaws.com/gdcbackup/f5d84fc3-9113-4d62-beae-1b1cf99cd796	TCGA-AC-A23H-01Z-00-DX1.8E0AE339-1047-4CA5-BFC5-37A3B10FD8B5.svs	[u'open']	released	1	GLACIER		12.0	TCGA-BRCA	active	16d2bed8-4fe9-43ba-832a-4a193aa3309d	6c83a12abe27cf120a8a885a82a6e592	98640572
7c56834d-57bb-4e12-a1a4-cd9fdc972b16	s3://s3-external-1.amazonaws.com/gdcbackup/b0a7538f-6fe2-4987-9cc4-65d60d703c45	TCGA-A4-A5DU-01Z-00-DX1.ACCD40B6-CC28-4E89-B9A9-9199F0541075.svs	[u'open']	released	1	GLACIER		12.0	TCGA-KIRP	active	495ecc6b-f56d-40e4-bacf-966d5eede408	a637378be2ddd3be0ae468363bb4cd12	98648178
b90cfb1f-0657-4215-8df2-24dc58e9320b	s3://s3-external-1.amazonaws.com/gdcbackup/73287f03-6840-4fe7-82a5-75484441f4e0	TCGA-AJ-A3EL-01Z-00-DX1.5E142ECE-2DA3-4958-B8E1-C9BC85BC12A4.svs	[u'open']	released	1	GLACIER		12.0	TCGA-UCEC	active	76b1cbbb-72c8-4eac-82c5-2642a487693d	099793b64b76e8b02d254c75bf2ebf0d	99178068
45061d8d-c1b7-4dc4-9c1c-a8f672ea2f3d	s3://s3-external-1.amazonaws.com/gdcbackup/29ae2ced-f25b-468c-a60a-3d7871dded13	TCGA-12-0818-01Z-00-DX2.B4D2796F-6303-439B-BB61-06F2F81CE6C0.svs	[u'open']	released	1	GLACIER		12.0	TCGA-GBM	active	87f3e319-d0d7-4971-98af-a1e7bef26930	0d1673ada6fa8b5232a971fe6acfd709	99369734
a1c4711a-7534-4a32-84f1-24d4bf81067c	s3://s3-external-1.amazonaws.com/gdcbackup/a20b3b99-3670-4343-8c06-c89028f2e9b0	TCGA-44-2659-01Z-00-DX1.b33f40e6-bc18-48b0-8dad-bdb0a6a200b5.svs	[u'open']	released	1	GLACIER		12.0	TCGA-LUAD	active	531ae453-0ea9-404c-98f9-66109cbc9972	f874999162ba2cd93282be828fb95a07	99663537
c1858d43-6200-4307-9430-f203e72b4efc	s3://s3-external-1.amazonaws.com/gdcbackup/c5588008-7d62-416c-a40d-b71b1660212e	TCGA-FB-AAPS-01Z-00-DX1.BD33EF8C-A9ED-486C-A8A7-A91E5CD7FB8C.svs	[u'open']	released	1	GLACIER		12.0	TCGA-PAAD	active	d08195eb-513d-4b7a-9988-05ea5e63d1b9	af707fa305bcf511a092aee2ea3241cf	99759953
c73d775e-f279-4a33-8881-9fad58807cdc	s3://s3-external-1.amazonaws.com/gdcbackup/d3dc0ea0-fc18-4eb3-914c-4eb8840a2fac	TCGA-VM-A8C8-01Z-00-DX6.060E0C36-5EDA-476F-8D1F-2959FE993D3A.svs	[u'open']	released	1	GLACIER		12.0	TCGA-LGG	active	90dcc34a-fd8f-414a-ac14-00e651358744	7205245c75a909b1e2f9c0ab5ad73edd	99794305
705a8e2e-6355-41ad-bc6f-69cc46f263a4	s3://s3-external-1.amazonaws.com/gdcbackup/a5670f5d-0604-41f5-90cd-c5ddcaf89607	TCGA-AS-3777-01Z-00-DX1.3c2ee8f6-91f4-46e6-a84b-676d8560f3d4.svs	[u'open']	released	1	GLACIER		12.0	TCGA-KIRC	active	72d911af-73e7-4270-9e5b-f81c769094ff	f3b01895d17b4f3cff1d741b91170fea	100037719
4ec5c0b6-7de8-49a7-a025-148710e4e447	s3://s3-external-1.amazonaws.com/gdcbackup/d044ac99-592f-4c3a-ab18-0ac42659176a	TCGA-DU-A5TS-01Z-00-DX1.FD62A1B8-0B55-4441-B650-9A8C7AEC8859.svs	[u'open']	released	1	GLACIER		12.0	TCGA-LGG	active	0ce3759e-76de-4b16-a864-891021adce93	fb0eac245b791d80256612c85c14028b	100220941
41ffa192-fbac-4d70-a7e3-7d6008674e3a	s3://s3-external-1.amazonaws.com/gdcbackup/f67730b4-509d-46cb-8f75-955828c8a4a3	TCGA-06-0237-01Z-00-DX1.0705028b-46e9-41b0-8083-c347fb746b96.svs	[u'open']	released	1	GLACIER		12.0	TCGA-GBM	active	111ace21-a6aa-46f8-8f0e-ac3067d0d7f6	cc49ae8b7b34015965ebcd37b0d9c8a6	100229815
ab68c58a-8f7f-46ab-8f53-78851e7f3796	s3://s3-external-1.amazonaws.com/gdcbackup/80beccef-1108-44c4-8c3a-815dbd092fae	TCGA-12-1091-01Z-00-DX3.EBCFA1D7-285E-4D7D-86E5-3BA56E84E58B.svs	[u'open']	released	1	GLACIER		12.0	TCGA-GBM	active	340bdc40-e597-419a-bc5d-e7cf0a8f3028	d95abee7602534238fabc947614efb14	100436324
5f31fa5a-8adf-47ec-b66e-4405c2b7b9fa	s3://s3-external-1.amazonaws.com/gdcbackup/481a035e-b456-4947-bde2-bcffaf93c894	TCGA-A4-A6HP-01Z-00-DX1.E323CECA-C081-4A67-98E3-B0BD28800D7A.svs	[u'open']	released	1	GLACIER		12.0	TCGA-KIRP	active	83ed25c1-5c92-4242-9a47-69dbba9e95dd	9e4890d05dca5210ef98e67b6770d2d0	100655878
93dea847-5f37-41e4-92e2-a1675dd6c7d1	s3://s3-external-1.amazonaws.com/gdcbackup/09ab53f8-054c-4b7e-9f8b-3376921a5818	TCGA-12-0780-01Z-00-DX1.1020a882-f78f-4ffc-a845-50267d77163c.svs	[u'open']	released	1	GLACIER		12.0	TCGA-GBM	active	5d5f21e0-0898-4325-a5b2-8c6512da29f2	dc49649346751a620d506ee398a73c61	100744167
d576afbc-7e0c-4e56-8668-f450abf3f623	s3://s3-external-1.amazonaws.com/gdcbackup/4b34e003-afc3-42d1-905b-1a22941ad6ed	TCGA-HC-7210-01Z-00-DX1.07b41e7b-3097-4a56-a8db-249b9fb0553b.svs	[u'open']	released	1	GLACIER		12.0	TCGA-PRAD	active	5420c700-5844-4ebb-b9cb-bee8f0fa2a4d	a24a8512a739a5964888bd4c0c7cc9ee	100773867
8f22f9da-6250-43ea-81a4-c7b1533acd1d	s3://s3-external-1.amazonaws.com/gdcbackup/85d29967-8d5a-4d7e-9bb8-eceebd454b80	TCGA-G4-6625-01Z-00-DX1.0fa26667-2581-4f96-a891-d78dbc3299b4.svs	[u'open']	released	1	GLACIER		12.0	TCGA-COAD	active	d8ac5c5f-56dd-4789-b7d0-4966575c5549	0f95a2ce05df77ff62177d8d1b3ea8c7	100860407
e5ae713a-a07c-40e9-a4ae-80718c27a73e	s3://s3-external-1.amazonaws.com/gdcbackup/71a7381b-0863-4800-adda-f76a426d0b26	TCGA-55-A48Y-01Z-00-DX1.D8735347-E060-439F-B5A1-1E47A958A392.svs	[u'open']	released	1	GLACIER		12.0	TCGA-LUAD	active	8e00f156-fe4f-4288-aa12-286f17c63dcf	91e0c6f2c456f5159627f1eb7664a640	100995092
c9fbf14b-12c9-4d35-a209-ba5dece9c516	s3://s3-external-1.amazonaws.com/gdcbackup/53195e23-290b-48dc-aad4-af3def2a10be	TCGA-C5-A7CH-01Z-00-DX1.135C076E-0B56-415F-9693-74730157730F.svs	[u'open']	released	1	GLACIER		12.0	TCGA-CESC	active	375b662d-f8f3-47e6-84cc-491627254171	d59928a4b07745d924744a8eb8b5b62f	100999536
3d6e6b9d-c2f1-4fba-9510-89989db5ef61	s3://s3-external-1.amazonaws.com/gdcbackup/f431289a-9184-42e2-9ef1-525dea316977	TCGA-FM-8000-01Z-00-DX1.c8307f0d-6f7f-4f4c-bd71-4c4a3da528d4.svs	[u'open']	released	1	GLACIER		12.0	TCGA-DLBC	active	be388ebd-2dc9-4f15-bbc5-96a714463169	a1fd2d40f161f1d987d108253dc7a3fa	101026281
5fee5fa0-929f-4d27-8b44-df96e1a1a2ca	s3://s3-external-1.amazonaws.com/gdcbackup/d0746186-c581-45d0-8b97-05a404652b85	TCGA-DU-7011-01Z-00-DX1.839D54AF-A0C7-4DE4-A7D0-D19C760FFB3D.svs	[u'open']	released	1	GLACIER		12.0	TCGA-LGG	active	d7ad577c-a320-49f6-bc3f-9918bc2bc411	f7279e3902737b4dbba0547761be7b21	101144240
ea38e953-e7cd-4263-bda7-72304a1c7b36	s3://s3-external-1.amazonaws.com/gdcbackup/7edf1194-6618-4948-b650-a482dccc7e9c	TCGA-VM-A8C8-01Z-00-DX8.CFBE7871-B2AD-4D99-8C40-D1EAC34BB272.svs	[u'open']	released	1	GLACIER		12.0	TCGA-LGG	active	cb14004a-fd9e-40bd-b608-5a277f0fc0e0	86222413cbc600e3244ab62a538cfb37	101558865
020a1b61-74b4-4d79-9c49-3f3c97b7d3ac	s3://s3-external-1.amazonaws.com/gdcbackup/29a305b1-675e-4184-b78b-c03c9971ce8f	TCGA-AG-3726-01Z-00-DX1.3083b6e0-f039-4d39-848e-78143938cf82.svs	[u'open']	released	1	GLACIER		12.0	TCGA-READ	active	d74e6769-0040-4a0c-abad-f1a59b201dd8	77b7691871c43bdbfccea92ad1912338	101730570
97e059bc-4ee0-47ec-b8ff-2663f2940e38	s3://s3-external-1.amazonaws.com/gdcbackup/eb3d7fd3-bb8c-4fb4-843d-a9c5d95801e7	TCGA-43-2576-01Z-00-DX1.779df209-95e1-4303-9c32-4083e8088d8e.svs	[u'open']	released	1	GLACIER		12.0	TCGA-LUSC	active	abe1b1e4-b242-4687-8cf8-ae595a30d63e	1600f9bc0a9ffd1d579e503b3486a00e	101946109
754bc6a0-1f56-4b00-b661-e6502085f2d0	s3://s3-external-1.amazonaws.com/gdcbackup/7ff62c75-b513-424a-ae49-2e21183124e9	TCGA-06-0876-01Z-00-DX1.4268ceff-f46b-4d72-8606-45e79d935325.svs	[u'open']	released	1	GLACIER		12.0	TCGA-GBM	active	7d16bd23-b279-42b6-be57-4562259594e9	113801945213d1c84c5a441523a1dad5	102199347
660f5ba4-6156-4762-848a-85bf7657b520	s3://s3-external-1.amazonaws.com/gdcbackup/38f7ff92-be77-465e-964a-ff4a18add3db	TCGA-CH-5754-01Z-00-DX1.4dae6511-baa2-4472-b625-a41c9c95dec8.svs	[u'open']	released	1	GLACIER		12.0	TCGA-PRAD	active	07fdf668-67ae-4e42-9571-75e6044df7c2	175d9629710becc6c54822e308e72064	102232993
8a224096-3f84-42bd-81c1-1568610107a3	s3://s3-external-1.amazonaws.com/gdcbackup/028e6e8d-63f8-4d98-aa5f-0cb7bf2d241f	TCGA-BB-4228-01Z-00-DX1.170b1b9a-05ac-4115-965e-56c2af944f1f.svs	[u'open']	released	1	GLACIER		12.0	TCGA-HNSC	active	17fa8744-fa98-461f-abf2-c2cd8ae946a2	e500b9c2b2a4f9415ad98e8ada7771c5	102390211
73e8f6be-a48d-47f9-83a0-1f0cf4969c59	s3://s3-external-1.amazonaws.com/gdcbackup/99de18fc-ab50-4fc4-92a2-03fa38da543c	TCGA-CN-4725-01Z-00-DX1.fe518acf-cceb-4be4-b01a-63d66248d6d4.svs	[u'open']	released	1	GLACIER		12.0	TCGA-HNSC	active	9101c1cd-3125-43be-8357-d9cdfbfc8341	a913a722e10365bcf1130db76ae81763	103134959
fd3b5285-9571-4689-9130-9a93e2aff397	s3://s3-external-1.amazonaws.com/gdcbackup/4c6fdbf6-8746-405e-adb5-2f04a96018ef	TCGA-DU-8165-01Z-00-DX1.8d633ff1-6aed-41e5-8518-8856dbe4a718.svs	[u'open']	released	1	GLACIER		12.0	TCGA-LGG	active	c74bfb86-4de5-45f0-b5fc-6412d63c23ed	7bbb38ab28b3dff7ef6cee0d2027a4d9	103229617
1425550b-6285-49d3-8c3e-df06c0d5ebbd	s3://s3-external-1.amazonaws.com/gdcbackup/d75d8400-5866-4496-91a9-c21d620efeb5	TCGA-DU-7018-01Z-00-DX1.75C2DA95-5661-4CC4-BF42-CF30137CEA9F.svs	[u'open']	released	1	GLACIER		12.0	TCGA-LGG	active	87a75bc2-f798-4396-8f77-6b223fc968cd	f6da7a7a585dc62bce209901555b32ee	103276870
0688caae-5828-4e95-8189-c673e38bef6a	s3://s3-external-1.amazonaws.com/gdcbackup/827dfec5-ed4b-46f4-a7d3-b6f85b1e4283	TCGA-MU-A5YI-01Z-00-DX1.9A120E91-4345-45D5-BF51-C2D6F9612632.svs	[u'open']	released	1	GLACIER		12.0	TCGA-CESC	active	16b28441-e309-45e1-913d-c0218acc4c64	468f29899b59cf14e50ade06c1d5369e	103309631
699c69f7-8b27-462c-8d30-dda09240b6c3	s3://s3-external-1.amazonaws.com/gdcbackup/449c91ac-8b94-498a-b36c-6a540f2bb99f	TCGA-44-6144-01Z-00-DX1.604b3c7c-92e8-474a-bae8-e48415ea6196.svs	[u'open']	released	1	GLACIER		12.0	TCGA-LUAD	active	fed23987-472d-4e91-bcc0-d51b26ab3f8e	740ce2eadfaaeb7caecb8542b8be3df5	103410771
1f779111-2096-4a83-97c4-b60f7924e9b2	s3://s3-external-1.amazonaws.com/gdcbackup/42fe79b7-ed40-4085-862a-5de919b6796b	TCGA-CH-5744-01Z-00-DX1.ae8a6754-a41d-4227-b48c-0258d7bc500a.svs	[u'open']	released	1	GLACIER		12.0	TCGA-PRAD	active	5f5603c7-97ec-44bb-bc06-545fb29d10b9	05eec480da9c3a651222d42163bb7b1e	103507089
45685178-da33-4e0d-a789-51653cbf4f9d	s3://s3-external-1.amazonaws.com/gdcbackup/85ec6c3f-46b3-49ce-9104-3fe04107b793	TCGA-VS-A9UC-01Z-00-DX1.59D79CEB-4157-4956-8C2D-781AA375A43D.svs	[u'open']	released	1	GLACIER		12.0	TCGA-CESC	active	c3b4c2e6-10fd-41f5-8e52-cc4fae4516cc	e78da61a8069701d739e34319c5f1340	103551767
945c93b1-b7f0-4ae5-b41f-9db538a19cd9	s3://s3-external-1.amazonaws.com/gdcbackup/fd0515d8-efa2-4b40-b79c-4fcc65cdcfe5	TCGA-12-0703-01Z-00-DX3.93ac10c7-1668-4dcd-b27b-a8f4855c695a.svs	[u'open']	released	1	GLACIER		12.0	TCGA-GBM	active	021cdbe8-e1ef-4dd2-9cbb-f298b6002e60	0113bca4e463831c3f6d3a3467e65a40	103640473
508ed875-53e2-4373-8fdb-bb3548020521	s3://s3-external-1.amazonaws.com/gdcbackup/1b216acb-f060-47dc-96fc-0525311f8220	TCGA-06-0137-01Z-00-DX3.84d2c007-be53-431d-b5d6-1bb62d28cafb.svs	[u'open']	released	1	GLACIER		12.0	TCGA-GBM	active	3b971ce3-8b54-48f6-a528-85a071df1565	3a0988cfe5ede3d63e52e6f4d02e16b4	103656311
b993ce64-f75d-454e-a90b-5e5ea39fd941	s3://s3-external-1.amazonaws.com/gdcbackup/9b81cbab-4fd9-49c9-b94f-b4a5c0fa5d3b	TCGA-06-1086-01Z-00-DX2.e1961f1f-a823-4775-acf7-04a46f05e15e.svs	[u'open']	released	1	GLACIER		12.0	TCGA-GBM	active	5edf31a4-818b-42f5-b5ec-067ded307698	c507bca803386695a253e73a1ea87af9	103753261
b9f89a6d-95f5-4b0e-9a45-e34fe3ec9c3d	s3://s3-external-1.amazonaws.com/gdcbackup/498e3146-a820-4a04-a494-13d1366e1902	TCGA-A4-A772-01Z-00-DX1.E703D8D9-5CEF-4AA7-AAE4-897833BBA278.svs	[u'open']	released	1	GLACIER		12.0	TCGA-KIRP	active	1bf98886-6ac4-49ec-9fd9-4ed19fca7eb9	2428d474bfe3f6b6cc01972c9dae9f90	103784254
dce50dfe-13fb-4f51-ade7-43b7fb7f27c4	s3://s3-external-1.amazonaws.com/gdcbackup/4256c378-f335-4528-9520-1193b9c30823	TCGA-55-7728-01Z-00-DX1.1d47a5fe-cab5-4d5a-a62b-16f345334d25.svs	[u'open']	released	1	GLACIER		12.0	TCGA-LUAD	active	b6056f12-de04-49ce-9121-15658c748d33	c0552538ce471fb3a5f668f68d6c2ad5	103803979
c0b22a4b-e34f-40a5-bb99-0364b8bea396	s3://s3-external-1.amazonaws.com/gdcbackup/d498c375-b472-4375-b43d-c28570048c75	TCGA-A6-2674-01Z-00-DX1.d301f1f5-6f4a-49e6-9c93-f4e8b7f616b8.svs	[u'open']	released	1	GLACIER		12.0	TCGA-COAD	active	46173b4f-0336-4c8e-9a6b-cc4ce0b9e75d	640fde7dbdceb31572dc3df3aaf234a5	103852457
74192d5e-0b90-45d6-9a1e-36e1a199a210	s3://s3-external-1.amazonaws.com/gdcbackup/0ce52b9e-d4ab-4b0b-9d69-a999576c74f2	TCGA-HZ-8001-01Z-00-DX1.03aae6b5-520b-4bcb-bb43-f58520ab08f4.svs	[u'open']	released	1	GLACIER		12.0	TCGA-PAAD	active	cfedee9e-c6df-4a91-ad98-9af54f75feca	5569933ab89ec82fad81536389d0f2c5	104029111
49bf3e6b-e761-4944-bd8e-fe6a81e51bed	s3://s3-external-1.amazonaws.com/gdcbackup/850c6dbb-a923-4e74-b5a1-4b6dc42809be	TCGA-VM-A8C8-01Z-00-DX9.07AAC35A-A609-479F-843E-1E759A922AFA.svs	[u'open']	released	1	GLACIER		12.0	TCGA-LGG	active	fc50d6be-7c2f-48bb-8307-097d5fdd0d98	cfc02993a59a80836a392e324fe28b68	104414667
d043cf97-070e-45e6-9814-8de3f388a33d	s3://s3-external-1.amazonaws.com/gdcbackup/7db33f0d-af30-4e57-a85c-e7e7c9ea2451	TCGA-12-0692-01Z-00-DX4.9fceb40e-f018-4b0e-a423-7f234079caae.svs	[u'open']	released	1	GLACIER		12.0	TCGA-GBM	active	edb77199-3ba8-4ccb-8557-d042c138404b	4c60b4142a0b7be0d01f43dfd9f08154	104462955
96bfb17a-5b59-4e94-8d22-a9bfdbad581e	s3://s3-external-1.amazonaws.com/gdcbackup/1f819fb0-bec2-4b27-a4ae-ddff9fea64e6	TCGA-AK-3440-01Z-00-DX1.ea0763b1-4262-4c75-9f76-080af1ffeab7.svs	[u'open']	released	1	GLACIER		12.0	TCGA-KIRC	active	f293c6f4-67c2-4e1a-b8e3-79a4f7fea185	0dcf01e0ab2ee7df67b34bd70191bd9e	104688881
ebcd05d3-40ed-48cd-acfd-6f33134faf2d	s3://s3-external-1.amazonaws.com/gdcbackup/026849cf-d65b-4b80-b8a4-08f6d114e21b	TCGA-HF-A5NB-01Z-00-DX1.CA67064B-3281-4144-A2A2-E0BC43E6F8D6.svs	[u'open']	released	1	GLACIER		12.0	TCGA-STAD	active	8e468b86-a646-4f50-96ae-673e178d0daa	b1efa587173d2d0fe41975ddcbdd0dc6	104819368
0cf53232-372f-4d09-9de9-eeed937e6c5f	s3://s3-external-1.amazonaws.com/gdcbackup/d27c785d-309b-4027-be90-f2d21af2a4ed	TCGA-HC-7752-01Z-00-DX1.8e7786c2-a393-47d3-8f22-36b283abdb3a.svs	[u'open']	released	1	GLACIER		12.0	TCGA-PRAD	active	93ac4628-732e-4729-b706-0ca9ea5078f4	83042b89d84d3d3320f7f46fcd1f65c8	104825515
d6844d4c-6329-43e2-8bfe-0d81f482eb4a	s3://s3-external-1.amazonaws.com/gdcbackup/5f03e187-2959-45f2-8c04-bc4b0323cf37	TCGA-12-0828-01Z-00-DX2.E884D44B-E63F-47B3-BC43-F48A036EF99F.svs	[u'open']	released	1	GLACIER		12.0	TCGA-GBM	active	dde6b7b6-6ef9-4743-8e8d-a3633ce67e7c	751628f68ab262baffbaa5ab6c38173b	104894518
e498aa70-930e-47bc-a5cc-ffc880cc1113	s3://s3-external-1.amazonaws.com/gdcbackup/73f61927-6d5f-4bd7-9be4-94dfc54a2ccc	TCGA-EE-A3J8-01Z-00-DX1.4FAFDA16-1B9B-4D5C-9763-8390729E0F05.svs	[u'open']	released	1	GLACIER		12.0	TCGA-SKCM	active	8dafc84b-2892-4e9c-a5e0-67fe4e7bef94	eb3330cdf4d6ebaee3c320e6ba11c96d	104990397
3283b6de-1c6d-4cb8-8e73-9b6bb1adfe37	s3://s3-external-1.amazonaws.com/gdcbackup/bee9c925-6ed5-4291-8355-4529b7236fcb	TCGA-DU-5870-01Z-00-DX1.11f12fa4-b243-4e7a-885a-43f6ca71f024.svs	[u'open']	released	1	GLACIER		12.0	TCGA-LGG	active	98deffc6-78b0-4137-9135-3a6048b781c0	c13eb2934593c9bc826c2fc571785422	105015423
8d898119-03f2-4ec8-be87-a19432ba8183	s3://s3-external-1.amazonaws.com/gdcbackup/bcc316e2-bcfb-425d-996e-796b58fb77fb	TCGA-14-1794-01Z-00-DX2.3e13a3c1-8a7c-4b0a-8a6b-af1683a67be9.svs	[u'open']	released	1	GLACIER		12.0	TCGA-GBM	active	b4b492f3-b829-4d4f-8067-36f6986eb4df	08fffd593bbf59cddd3c1d64836a7e25	105871807
d928ea9a-3ae4-43f0-b6b0-bacf6a8f15d2	s3://s3-external-1.amazonaws.com/gdcbackup/f1a03216-834b-4320-852b-1396308a7bb8	TCGA-12-0656-01Z-00-DX3.cc07a0fe-d9bc-42c6-913f-876efe3a0b94.svs	[u'open']	released	1	GLACIER		12.0	TCGA-GBM	active	727a7034-d3d8-4213-a54a-13cc6a18289b	6e095570e2476a6128e1bd4a7252ddf3	106008011
e4029233-baf9-47e1-9723-73f6445e9aaa	s3://s3-external-1.amazonaws.com/gdcbackup/1df7861a-46e0-47e2-b538-ffb2b9efa530	TCGA-06-0877-01Z-00-DX2.b5af1c90-e841-49a9-906e-73fd6cba57be.svs	[u'open']	released	1	GLACIER		12.0	TCGA-GBM	active	31f50a57-6438-4c42-aa81-1b86ca398e0e	10139b790c88559804da02ba7f50e950	106286463
c58f5a07-6112-43e2-b8db-f28fca35b973	s3://s3-external-1.amazonaws.com/gdcbackup/f7cf9e8c-9289-44a0-9ae4-513c02808085	TCGA-HC-8264-01Z-00-DX1.0992961B-454E-40C4-9571-5B2D9FE8B3DF.svs	[u'open']	released	1	GLACIER		12.0	TCGA-PRAD	active	c5736965-24ab-454b-a841-44fdf72fc792	0ce515bf3da4468578698b80a7e0afe4	106583582
67586893-d915-4fcb-9095-c977a012811a	s3://s3-external-1.amazonaws.com/gdcbackup/f6ba1b86-4872-48b5-a84e-e98d183bb485	TCGA-HT-7468-01Z-00-DX7.64F8DF3B-5821-4BCB-80E5-1252F9EB8DFD.svs	[u'open']	released	1	GLACIER		12.0	TCGA-LGG	active	148e68ea-71ef-4d0b-bb83-10ff13a39b81	482721f8d89241a764c76bac18689ee0	106644109
c739d3cb-036b-4f3a-9b0e-1edac4b8d88f	s3://s3-external-1.amazonaws.com/gdcbackup/22a46939-6d6d-4c9d-b552-27015f3ebfa7	TCGA-C5-A1BN-01Z-00-DX1.75ED1BD9-C458-42D3-8A98-8FE41BB9CC2E.svs	[u'open']	released	1	GLACIER		12.0	TCGA-CESC	active	1e0ece65-297d-486d-a71c-0182a0037619	7cdad7c54e13e679e7e884fbd1aa20a1	106695804
497e9d94-9c40-40dd-8600-8049f24b7e71	s3://s3-external-1.amazonaws.com/gdcbackup/1143de3c-1d0e-4f19-a905-44ad107c09e5	TCGA-MT-A67G-01Z-00-DX1.CC0030DC-7F1D-45D2-85D3-4D32BDA585B5.svs	[u'open']	released	1	GLACIER		12.0	TCGA-HNSC	active	b91cde78-84bb-4a04-9f64-5adc9375423a	210c1afaa25802852624c424c3515cee	106767483
78e89354-2a6f-448e-b01c-e39c04eb160f	s3://s3-external-1.amazonaws.com/gdcbackup/2e443618-00c4-42ce-81eb-6fd342f56ad4	TCGA-C5-A1MK-01Z-00-DX1.2C5781B3-C7E1-46CE-8853-E99497A60571.svs	[u'open']	released	1	GLACIER		12.0	TCGA-CESC	active	65b2dbfa-2c4e-4ae5-9a8b-1b92e836fa77	63930542e14d3ec5bfb0710e4924c7ed	106806720
faff63e2-e972-44d0-800c-e043af983f79	s3://s3-external-1.amazonaws.com/gdcbackup/94ac1ecb-4603-4002-ac07-289c6e1b5614	TCGA-AA-3556-01Z-00-DX1.63a74b91-44e8-4ffd-8737-bcf6992183c3.svs	[u'open']	released	1	GLACIER		12.0	TCGA-COAD	active	4610d8e4-ddc8-41e3-a92f-9cc32c8c8e8a	0a4f391274f3fd7ad0947c3e80f6ae39	106976814
771bb2ff-c016-4043-a1cd-63176a897399	s3://s3-external-1.amazonaws.com/gdcbackup/5312ca41-aca2-44b9-bcd3-693667bc0035	TCGA-41-2571-01Z-00-DX1.d0a404d6-6cd0-42ab-b7c7-a9c35b9efbb9.svs	[u'open']	released	1	GLACIER		12.0	TCGA-GBM	active	22b9bfc4-a270-484f-bbc7-427c367a75b7	a8420bbbd6c3a10d5b835f400d5c9ed3	107032295
ae8b3cf4-9454-4d5d-8c30-89ce329eca4d	s3://s3-external-1.amazonaws.com/gdcbackup/a04ddb6a-556d-4e69-8774-0db90624e43b	TCGA-BA-6870-01Z-00-DX1.261566ac-6b40-4a08-b383-ee61cbdc8672.svs	[u'open']	released	1	GLACIER		12.0	TCGA-HNSC	active	addeb2da-83ca-49fe-9d0d-38afe1ad7e83	2d6c4aab4c2b06f728adb236ba500dfa	107042933
93bb34f4-c881-442a-9c25-1213879fc89c	s3://s3-external-1.amazonaws.com/gdcbackup/1622e496-60ef-4378-bcf9-9596e003941c	TCGA-HZ-8519-01Z-00-DX1.166BF558-50E5-4760-8CE6-F66C4932EB2D.svs	[u'open']	released	1	GLACIER		12.0	TCGA-PAAD	active	daa744f0-da56-4587-b606-97033a1b4b83	d0e73d04240d9c98565e389150423243	107134948
7bc610b7-2fd8-4d82-917e-e8c3c328b82b	s3://s3-external-1.amazonaws.com/gdcbackup/142b1d94-f05e-4e7d-8203-4966fdc1e681	TCGA-12-0822-01Z-00-DX2.C4F87A2B-B4CA-41D3-A082-588155F4D17D.svs	[u'open']	released	1	GLACIER		12.0	TCGA-GBM	active	d4c1ba5f-aa94-4841-83b2-3673f91064a7	291203b62e8d2b686c129395af0f46ac	107156238
b1023fae-95fa-42ed-b917-ab680dda8fce	s3://s3-external-1.amazonaws.com/gdcbackup/cf5cf4f7-4655-47dc-83e8-a6297df7bc1e	TCGA-VM-A8C8-01Z-00-DX7.614E87B3-E2F0-4977-AE49-1EDBB26F879C.svs	[u'open']	released	1	GLACIER		12.0	TCGA-LGG	active	a682819b-72a5-4cd6-bc2f-bd3cf5ec2ed3	26ca515a6dada7538f79a55980a9363a	107232143
ffb8991d-dcd6-4746-8eff-7a28400c221f	s3://s3-external-1.amazonaws.com/gdcbackup/c9ef8c5b-0579-4833-9044-f6de9a8ed026	TCGA-VM-A8C8-01Z-00-DX4.980FE353-1CBB-4B38-B26C-F96EFCA462B9.svs	[u'open']	released	1	GLACIER		12.0	TCGA-LGG	active	309fbdb4-e946-4b4d-b9f2-0cbeb3db5227	dee36c55cb0ff455026cfa4248f4d292	107285329
ff5d466c-b2ef-466a-b845-ac49acc876ac	s3://s3-external-1.amazonaws.com/gdcbackup/80c6fb17-2f1f-4e0b-a4ae-890795b2314b	TCGA-AH-6903-01Z-00-DX1.29f3feae-e757-4138-9f86-439fac247009.svs	[u'open']	released	1	GLACIER		12.0	TCGA-READ	active	7153a8f8-204f-4712-8465-eafc94f7b8e4	3557e3d7868f5fd240e36e38d757dff7	107360663
3c62dbc2-e605-44c0-9095-d92a5658ef0d	s3://s3-external-1.amazonaws.com/gdcbackup/d4566037-4d9b-4bca-b647-6519c2413314	TCGA-12-1602-01Z-00-DX4.101D2311-011B-4362-89C6-D8F0F0C28065.svs	[u'open']	released	1	GLACIER		12.0	TCGA-GBM	active	15d460cd-8fe9-4f24-8eee-0064f774921f	1b4ef4324a0e47666d7cd5343581a25e	107428254
020cb607-7d36-46ba-9d82-5c5c79d40c72	s3://s3-external-1.amazonaws.com/gdcbackup/e3b7baa1-cf75-4d30-9c4a-d529522fc986	TCGA-HC-7079-01Z-00-DX1.5fb22f2a-ee91-4a0d-a696-a72ebb3414b1.svs	[u'open']	released	1	GLACIER		12.0	TCGA-PRAD	active	dfb02f90-2b21-469f-9faa-78d40e1f985d	21a65e0d2134a01b6993123c08081a88	107434501
66d7d563-34f0-439f-9018-a23560c13458	s3://s3-external-1.amazonaws.com/gdcbackup/fb771e4e-6751-4189-aee0-58e1c74f415a	TCGA-DU-A7TD-01Z-00-DX1.CDC41902-3673-4FDA-B4A5-4A453CF1362C.svs	[u'open']	released	1	GLACIER		12.0	TCGA-LGG	active	d20494f7-0d0b-49cb-b522-f9904650c94a	8ca9431cc80b87042535af35fb02c519	107499265
7d625f90-d7e3-40a8-bb7a-a231d42ad32d	s3://s3-external-1.amazonaws.com/gdcbackup/0a2c6c8e-bd1b-4e7a-8da8-8b15c7315706	TCGA-FU-A3EO-01Z-00-DX1.55528543-84AF-49EE-8986-6519F2BFF0E1.svs	[u'open']	released	1	GLACIER		12.0	TCGA-CESC	active	36d8f4c3-006d-4715-8d24-0b5e65baa47a	a5a50adb0284b43bc92e18a75daae4da	107568822
2e4f7b86-bf00-4792-93bd-04d368df7e33	s3://s3-external-1.amazonaws.com/gdcbackup/cecdeec3-a8d3-41dc-9177-80cf2790b94b	TCGA-HU-A4H8-01Z-00-DX1.8FEBBDCF-4E6A-4D90-8DEA-5E1D031DD50A.svs	[u'open']	released	1	GLACIER		12.0	TCGA-STAD	active	4416a02b-9a10-4369-a8e6-50c091a0fad6	ffc1398cb5b550beed4b83d743c90886	107618886
6917cb0f-edfd-40be-aa55-06ee48ec753c	s3://s3-external-1.amazonaws.com/gdcbackup/30b35ff8-c624-4ca7-bf41-12685903e576	TCGA-RY-A83Z-01Z-00-DX1.38167693-2E5A-4179-AA91-8EDA1BA43FB0.svs	[u'open']	released	1	GLACIER		12.0	TCGA-LGG	active	5e5e346d-ab7a-4ae4-872f-4bc64da139b0	993c765578e86aa449449720d3e04089	107827315
c8780d6a-1fb4-4e6a-8b84-3b8848edf2bc	s3://s3-external-1.amazonaws.com/gdcbackup/a3d4b12d-1690-44c5-a16a-b96dcdba9485	TCGA-DU-8162-01Z-00-DX1.bf95b059-f79c-4a49-b70b-295cca8e4cf0.svs	[u'open']	released	1	GLACIER		12.0	TCGA-LGG	active	e44488dd-e4df-4dae-a4c9-5774ff60b66a	592a9f13d3ef4d5fe1987580519163dc	108011933
0ecd9d73-b66e-423e-8a08-f10d16750ad3	s3://s3-external-1.amazonaws.com/gdcbackup/b188533d-ebf9-4c8d-88de-e91609780d06	TCGA-12-3653-01Z-00-DX1.B8E0B7A4-84B1-4200-8B82-9A4A6F51F8B5.svs	[u'open']	released	1	GLACIER		12.0	TCGA-GBM	active	5d9f0f2b-fda5-47e6-98cd-c43a2685a91a	bbc1d68b4c6d89e3821695c9f1391e08	108246028
021ea4e1-49c2-421c-b78e-57d3cdac1640	s3://s3-external-1.amazonaws.com/gdcbackup/bc5d624a-c839-4cd3-9cb5-a42af2f1d9cd	TCGA-DG-A2KH-01Z-00-DX1.A223508A-D3EE-4EB0-9578-C8926FF625E3.svs	[u'open']	released	1	GLACIER		12.0	TCGA-CESC	active	6d642a7b-8e73-4ab9-be0d-3e4db94f4747	02a0b5bc7476d3922a18450f3d1e3e68	108702022
8576910c-d464-49df-b198-be7f19fcb1c2	s3://s3-external-1.amazonaws.com/gdcbackup/b7b0b796-817e-4e91-9828-e2149b9b89f5	TCGA-C5-A2LZ-01Z-00-DX1.D5CB77BD-EDA8-4D2E-8041-DFB946A131C1.svs	[u'open']	released	1	GLACIER		12.0	TCGA-CESC	active	4663a7c3-a4dd-4cee-ac54-1224974cf619	3bb73d47a7b7d9affd2a8099939bad35	108778448
031da53b-60bc-4c77-99c9-4d14120e4b2f	s3://s3-external-1.amazonaws.com/gdcbackup/6e1f1e13-e544-4c48-a2d4-53b33a246121	TCGA-12-0656-01Z-00-DX2.d2a15599-38d8-4d44-b57b-b075df383f4b.svs	[u'open']	released	1	GLACIER		12.0	TCGA-GBM	active	20e279d1-4253-4800-bcb5-7e2c5b1d4216	7208afa21f0b893e80157957d506bd3e	108919511
f09aa23b-1e95-49c5-bef3-d962100d55ba	s3://s3-external-1.amazonaws.com/gdcbackup/e0a3d5f9-2e13-4a5c-8d31-92367e7bfc26	TCGA-C5-A3HE-01Z-00-DX1.9792538B-1DA9-41F0-B1F3-5C13B23AA7E0.svs	[u'open']	released	1	GLACIER		12.0	TCGA-CESC	active	15a68945-b83e-4103-8811-c7723a90cab5	8c53708343f970199916e37736512bc2	108928868
ac95ed7a-318b-400e-9c8f-c1c409ad2947	s3://s3-external-1.amazonaws.com/gdcbackup/309f3959-f387-49d6-88a5-c7935b6bc468	TCGA-HT-7482-01Z-00-DX1.A56F0B29-767B-48C6-A522-7A94F868889B.svs	[u'open']	released	1	GLACIER		12.0	TCGA-LGG	active	2ad0deb5-c0fb-4036-b9e0-ed7ac06ef15b	7c4214b26329eafa69c5003692e0b14a	109034815
e0a8d83f-adc8-40c2-8a2a-91dea7926b1c	s3://s3-external-1.amazonaws.com/gdcbackup/4b53fad8-c2cf-45cc-a24b-40b6655e4758	TCGA-DU-A5TP-01Z-00-DX1.93C7592D-91A7-4A89-96A8-190654A36BA9.svs	[u'open']	released	1	GLACIER		12.0	TCGA-LGG	active	e0c7ebde-6e7b-4f2f-befd-fb93ee99297b	ceeb06583fbbab13942fd6f8a5e8b6de	109102637
2ff9729e-6b75-43e6-abbd-a9ba639b2730	s3://s3-external-1.amazonaws.com/gdcbackup/01202f8b-3d63-4739-8039-463aaaa5c8bb	TCGA-12-0819-01Z-00-DX2.CA37F7BE-86D9-421F-B5A5-87E2BDDF7AAB.svs	[u'open']	released	1	GLACIER		12.0	TCGA-GBM	active	d22afff4-9c59-4be0-b6d9-6e2f5be51a72	d1c6ba3f91bdac1026373f57037168af	109533596
0276ca74-e91a-4033-be84-8cba9844b130	s3://s3-external-1.amazonaws.com/gdcbackup/5f2a5241-6e05-41cb-9bd1-bcc074e8b77a	TCGA-12-0657-01Z-00-DX3.b5c2375e-e59b-40ee-b1e0-0f3fc4e17585.svs	[u'open']	released	1	GLACIER		12.0	TCGA-GBM	active	5d3773d7-e3f7-4959-9ceb-036910dd31b5	c13a01be89141550f50778a9e4f54f4b	109547797
